[{"fields": {"course": 1, "description": "Strings are more than just a bunch of letters. Find out why!", "order": 2, "content": "", "title": "What's the deal with strings?"}, "model": "courses.text", "pk": 1}, {"fields": {"course": 1, "description": "Learn how to use Python's shell to play with the language and get help.", "order": 0, "content": "Launch the shell with \"python\".\r\n\r\nYou can exit the shell by entering \"exit()\" or \"quit()\".\r\n\r\nYou can also exit the shell by pressing CTRL and D.", "title": "Using the Shell"}, "model": "courses.text", "pk": 2}, {"fields": {"course": 1, "total_questions": 4, "description": "A quick review", "order": 1, "title": "Review"}, "model": "courses.quiz", "pk": 1}, {"fields": {"course": 1, "total_questions": 5, "description": "Let's talk about strings!", "order": 3, "title": "Review: Strings and Things"}, "model": "courses.quiz", "pk": 2}, {"fields": {"course": 21, "total_questions": 4, "description": "How PHP is processed and handles including files.", "order": 0, "title": "Basic PHP and Including Files"}, "model": "courses.quiz", "pk": 3}, {"fields": {"course": 18, "total_questions": 4, "description": "In this quiz, we will review the tools you have been introduced.", "order": 0, "title": "Review: Introduction to Your Tools"}, "model": "courses.quiz", "pk": 4}, {"fields": {"course": 19, "total_questions": 4, "description": "Let's review our Java skills", "order": 0, "title": "Refresher"}, "model": "courses.quiz", "pk": 5}, {"fields": {"course": 20, "total_questions": 4, "description": "Let's review the awkwardness of Arrays", "order": 0, "title": "Review Arrays"}, "model": "courses.quiz", "pk": 6}, {"fields": {"course": 16, "total_questions": 4, "description": "We'll review some topics from this stage.", "order": 0, "title": "Review"}, "model": "courses.quiz", "pk": 7}, {"fields": {"course": 17, "total_questions": 4, "description": "Let's review HTTP servers.", "order": 0, "title": "HTTP Server Review"}, "model": "courses.quiz", "pk": 8}, {"fields": {"course": 14, "total_questions": 4, "description": "In this quiz we'll review the topics covered in this stage", "order": 0, "title": "Data, Databases and SQL Review"}, "model": "courses.quiz", "pk": 9}, {"fields": {"course": 15, "total_questions": 4, "description": "in this quiz we'll review what we've learned.", "order": 0, "title": "Adding Data to a Database Review"}, "model": "courses.quiz", "pk": 10}, {"fields": {"course": 13, "total_questions": 4, "description": "This quiz reviews some of the issues faced when using Activities", "order": 0, "title": "The Problem with Activities"}, "model": "courses.quiz", "pk": 11}, {"fields": {"course": 12, "total_questions": 4, "description": "Android Tools", "order": 0, "title": "Android Tools"}, "model": "courses.quiz", "pk": 12}, {"fields": {"course": 11, "total_questions": 4, "description": "Let's test what you've learned!", "order": 0, "title": "Template Tags Review"}, "model": "courses.quiz", "pk": 13}, {"fields": {"quiz": 2, "prompt": "What all characters can be in a string?", "order": 0}, "model": "courses.question", "pk": 2}, {"fields": {"quiz": 13, "prompt": "For app-specific static content, it's a best practice to have a \"static\" folder within your app that has another folder within it that shares the same name as your app.", "order": 0}, "model": "courses.question", "pk": 3}, {"fields": {"quiz": 12, "prompt": "Android Studio evolves quickly, but the concepts we'll learn will apply even if the tools change.", "order": 0}, "model": "courses.question", "pk": 4}, {"fields": {"quiz": 11, "prompt": "When we rotated the Fun Facts app why did it revert back to its original fun fact and color?", "order": 0}, "model": "courses.question", "pk": 5}, {"fields": {"quiz": 9, "prompt": "Databases organize their information into structures called:", "order": 0}, "model": "courses.question", "pk": 6}, {"fields": {"quiz": 10, "prompt": "What does the acronym CRUD stand for?", "order": 0}, "model": "courses.question", "pk": 7}, {"fields": {"quiz": 7, "prompt": "Given the following HTML what would calling `$(\"p\").next().remove()` remove?\r\n\r\n`<h1>Hello World!</h1>`\r\n\r\n`<p>This is my first post!</p>`", "order": 0}, "model": "courses.question", "pk": 8}, {"fields": {"quiz": 8, "prompt": "What is the local IP address assigned to all computers?", "order": 0}, "model": "courses.question", "pk": 9}, {"fields": {"quiz": 4, "prompt": "Java is a compiled language", "order": 0}, "model": "courses.question", "pk": 10}, {"fields": {"quiz": 5, "prompt": "The `boolean` datatype is used to store:", "order": 0}, "model": "courses.question", "pk": 11}, {"fields": {"quiz": 6, "prompt": "After an array is created its length can be changed by using the `setLength` method.", "order": 0}, "model": "courses.question", "pk": 12}, {"fields": {"quiz": 3, "prompt": "Most web servers are configured to display a document called `index.html` or `index.php` when a directory is requested, without a file name being specified", "order": 0}, "model": "courses.question", "pk": 13}, {"fields": {"shuffle_answers": true}, "model": "courses.multiplechoicequestion", "pk": 2}, {"fields": {"shuffle_answers": true}, "model": "courses.multiplechoicequestion", "pk": 5}, {"fields": {"shuffle_answers": true}, "model": "courses.multiplechoicequestion", "pk": 6}, {"fields": {"shuffle_answers": true}, "model": "courses.multiplechoicequestion", "pk": 7}, {"fields": {"shuffle_answers": true}, "model": "courses.multiplechoicequestion", "pk": 8}, {"fields": {"shuffle_answers": true}, "model": "courses.multiplechoicequestion", "pk": 9}, {"fields": {"shuffle_answers": false}, "model": "courses.multiplechoicequestion", "pk": 10}, {"fields": {"shuffle_answers": true}, "model": "courses.multiplechoicequestion", "pk": 11}, {"fields": {}, "model": "courses.truefalsequestion", "pk": 3}, {"fields": {}, "model": "courses.truefalsequestion", "pk": 4}, {"fields": {}, "model": "courses.truefalsequestion", "pk": 12}, {"fields": {}, "model": "courses.truefalsequestion", "pk": 13}, {"fields": {"text": "Anything that's Unicode!", "order": 3, "question": 2, "correct": true}, "model": "courses.answer", "pk": 1}, {"fields": {"text": "Only letters and punctation", "order": 0, "question": 2, "correct": false}, "model": "courses.answer", "pk": 2}, {"fields": {"text": "Emoji only", "order": 0, "question": 2, "correct": false}, "model": "courses.answer", "pk": 4}, {"fields": {"text": "True", "order": 0, "question": 3, "correct": true}, "model": "courses.answer", "pk": 7}, {"fields": {"text": "False", "order": 0, "question": 3, "correct": false}, "model": "courses.answer", "pk": 8}, {"fields": {"text": "True", "order": 0, "question": 4, "correct": true}, "model": "courses.answer", "pk": 9}, {"fields": {"text": "False", "order": 0, "question": 4, "correct": false}, "model": "courses.answer", "pk": 10}, {"fields": {"text": "The activity is recreated when the orientation changes.", "order": 0, "question": 5, "correct": true}, "model": "courses.answer", "pk": 11}, {"fields": {"text": "It's a different activity; we use a different activity for each orientation.", "order": 0, "question": 5, "correct": false}, "model": "courses.answer", "pk": 12}, {"fields": {"text": "Application member variables don't persist their values through a rotation.", "order": 0, "question": 5, "correct": false}, "model": "courses.answer", "pk": 13}, {"fields": {"text": "Tables", "order": 0, "question": 6, "correct": true}, "model": "courses.answer", "pk": 14}, {"fields": {"text": "Spreadsheets", "order": 0, "question": 6, "correct": false}, "model": "courses.answer", "pk": 15}, {"fields": {"text": "Charts", "order": 0, "question": 6, "correct": false}, "model": "courses.answer", "pk": 16}, {"fields": {"text": "Multi-dimensional Arrays", "order": 0, "question": 6, "correct": false}, "model": "courses.answer", "pk": 17}, {"fields": {"text": "Create, Read, Update and Delete", "order": 0, "question": 7, "correct": true}, "model": "courses.answer", "pk": 18}, {"fields": {"text": "Curate, Retrieve, Update and Delete", "order": 0, "question": 7, "correct": false}, "model": "courses.answer", "pk": 19}, {"fields": {"text": "Create, Render, Update and Duplicate", "order": 0, "question": 7, "correct": false}, "model": "courses.answer", "pk": 20}, {"fields": {"text": "The `p` element", "order": 0, "question": 8, "correct": false}, "model": "courses.answer", "pk": 21}, {"fields": {"text": "Nothing", "order": 0, "question": 8, "correct": true}, "model": "courses.answer", "pk": 22}, {"fields": {"text": "The `h1` element", "order": 0, "question": 8, "correct": false}, "model": "courses.answer", "pk": 23}, {"fields": {"text": "127.0.0.01", "order": 0, "question": 9, "correct": true}, "model": "courses.answer", "pk": 24}, {"fields": {"text": "1.3.3.7", "order": 0, "question": 9, "correct": false}, "model": "courses.answer", "pk": 25}, {"fields": {"text": "1.0.0.127", "order": 0, "question": 9, "correct": false}, "model": "courses.answer", "pk": 26}, {"fields": {"text": "1.1.1.1", "order": 0, "question": 9, "correct": false}, "model": "courses.answer", "pk": 27}, {"fields": {"text": "Yes", "order": 0, "question": 10, "correct": true}, "model": "courses.answer", "pk": 28}, {"fields": {"text": "No", "order": 0, "question": 10, "correct": false}, "model": "courses.answer", "pk": 29}, {"fields": {"text": "true or false", "order": 0, "question": 11, "correct": true}, "model": "courses.answer", "pk": 30}, {"fields": {"text": "yes, no or maybe", "order": 0, "question": 11, "correct": false}, "model": "courses.answer", "pk": 31}, {"fields": {"text": "numbers", "order": 0, "question": 11, "correct": false}, "model": "courses.answer", "pk": 32}, {"fields": {"text": "large pieces of text", "order": 0, "question": 11, "correct": false}, "model": "courses.answer", "pk": 33}, {"fields": {"text": "True", "order": 0, "question": 12, "correct": false}, "model": "courses.answer", "pk": 34}, {"fields": {"text": "False", "order": 0, "question": 12, "correct": true}, "model": "courses.answer", "pk": 35}, {"fields": {"text": "True", "order": 0, "question": 13, "correct": true}, "model": "courses.answer", "pk": 36}, {"fields": {"text": "False", "order": 0, "question": 13, "correct": false}, "model": "courses.answer", "pk": 37}, {"fields": {"is_active": true, "password": "", "first_name": "Craig", "groups": [], "email": "", "user_permissions": [], "date_joined": "2016-01-19T17:38:07Z", "is_staff": false, "username": "craig", "last_login": null, "is_superuser": false, "last_name": "Dennis"}, "model": "auth.user", "pk": 3}, {"fields": {"is_active": true, "password": "", "first_name": "Andrew", "groups": [], "email": "", "user_permissions": [], "date_joined": "2016-01-19T17:38:07Z", "is_staff": false, "username": "chalkers", "last_login": null, "is_superuser": false, "last_name": "Chalkley"}, "model": "auth.user", "pk": 4}, {"fields": {"is_active": true, "password": "", "first_name": "Ben", "groups": [], "email": "", "user_permissions": [], "date_joined": "2016-01-19T17:38:07Z", "is_staff": false, "username": "ben", "last_login": null, "is_superuser": false, "last_name": "Deitch"}, "model": "auth.user", "pk": 5}, {"fields": {"is_active": true, "password": "", "first_name": "Lacey", "groups": [], "email": "", "user_permissions": [], "date_joined": "2016-01-19T17:38:07Z", "is_staff": false, "username": "lacey", "last_login": null, "is_superuser": false, "last_name": "Henschel"}, "model": "auth.user", "pk": 6}, {"fields": {"is_active": true, "password": "", "first_name": "Alena", "groups": [], "email": "", "user_permissions": [], "date_joined": "2016-01-19T17:38:07Z", "is_staff": false, "username": "alena", "last_login": null, "is_superuser": false, "last_name": "Holligan"}, "model": "auth.user", "pk": 7}, {"fields": {"subject": "Python", "description": "In Django Basics, you learned how to set up the skeleton of a video tutorial library. But for a real-world application, you\u2019d probably want more flexibility and functionality in your websites.\r\n\r\nDjango offers lots of built-in options for using templates to make your site dynamic and flexible, and makes it easy for you to build the extra things you need. In this course, learn about more complex template inheritance, how to make use of the vast array of built-in tags and filters Django has, and how to grow your own tags and filters for the functionality that Django doesn\u2019t provide. By the time you finish this course, you will have a deeper understanding of how you can make Django\u2019s templates work for your project, as well as a fully fleshed out video tutorial site!", "teacher": 6, "created_at": "2016-01-19T21:45:29.416Z", "title": "Customizing Django Templates"}, "model": "courses.course", "pk": 11}, {"fields": {"subject": "Android", "description": "This course covers the very basics of Android development. We will build a simple app that will serve up some fun facts when you tap on a button. We introduce you to programming in Android, a tool for Android development called Android Studio, and some very basic concepts of the Android Software Development Kit, or SDK. By the end you will have a good idea of how a basic app works, and you will be armed with the knowledge to start building more.", "teacher": 5, "created_at": "2016-01-19T21:46:36.067Z", "title": "Build a Simple Android App"}, "model": "courses.course", "pk": 12}, {"fields": {"subject": "Android", "description": "Activities are a crucial component of almost any Android app. In this course we will learn about the lifecycle of our activities, and how we can handle various unexpected changes. We'll also see how to correctly handle a device rotation as well as how to save data using SharedPreferences. To top it all off, at the end of this course you'll get a chance to test your Android knowledge with a project.", "teacher": 5, "created_at": "2016-01-19T21:46:54.856Z", "title": "Android Activity Lifecycle"}, "model": "courses.course", "pk": 13}, {"fields": {"subject": "SQL", "description": "In SQL Basics we\u2019ll take a look at what databases are and how you can retrieve information from them. Databases can store massive amounts of information to be retrieved at a later date. Databases act as the memory for dynamic web sites or mobile apps.", "teacher": 4, "created_at": "2016-01-19T21:47:17.535Z", "title": "SQL Basics"}, "model": "courses.course", "pk": 14}, {"fields": {"subject": "SQL", "description": "At the heart of a dynamic application is a database. Whether the application is an eCommerce, sports team, social network or a productivity app on your phone the data needs to change over time.\r\n\r\nIn this course we'll take a look at the underpinning SQL statements that are needed for every dynamic application.", "teacher": 4, "created_at": "2016-01-19T21:47:35.260Z", "title": "Modifying Data with SQL"}, "model": "courses.course", "pk": 15}, {"fields": {"subject": "JavaScript", "description": "jQuery Basics covers why you'd want to use jQuery, what it is and how to include it in your projects. You'll build several projects over the course to give you the confidence to integrate jQuery in your own projects and add that level of flair and interactivity to any site you work on.", "teacher": 4, "created_at": "2016-01-19T21:48:28.411Z", "title": "jQuery Basics"}, "model": "courses.course", "pk": 16}, {"fields": {"subject": "JavaScript", "description": "Node.js is a versatile platform for building all sorts of applications. In this course, we're going to make a dynamic website that displays a Treehouse student's profile information by creating a server that will dynamically generate content, handle URLs, read from files and build a simple template engine.", "teacher": 4, "created_at": "2016-01-19T21:48:50.644Z", "title": "Build a Simple Dynamic Site with Node.js"}, "model": "courses.course", "pk": 17}, {"fields": {"subject": "Java", "description": "In this course you will gain all the knowledge you will need to build an interactive command line program in Java. No prior programming experience is required. You will create an interactive game that prompts users for different parts of a sentence and then generates a story using those words.", "teacher": 3, "created_at": "2016-01-19T21:49:21.789Z", "title": "Java Basics"}, "model": "courses.course", "pk": 18}, {"fields": {"subject": "Java", "description": "Java is an Object Oriented Programming language. Literally everything is an object, so understanding them is critical to your Java foundational base.\r\n\r\nIn this course, we will learn how to create, use and express ideas using objects.", "teacher": 3, "created_at": "2016-01-19T21:49:35.318Z", "title": "Java Objects"}, "model": "courses.course", "pk": 19}, {"fields": {"subject": "Java", "description": "In this course we are going to deal with different approaches of storing, accessing, and bending data to your will. By definition, a data structure is a particular way of organizing data so that it can be used efficiently. It's time to get more efficient.", "teacher": 3, "created_at": "2016-01-19T21:49:50.153Z", "title": "Java Data Structures"}, "model": "courses.course", "pk": 20}, {"fields": {"subject": "PHP", "description": "This project will show you how to build a simple website using the PHP programming language. The web site, a media library, will let you organize and display your Books, Movies and Music. You could easily use this project to create a website that lets you organize and display any type of item: Branch Locations, Products, Services, Events, even Courses like we have here on Treehouse.", "teacher": 7, "created_at": "2016-01-19T21:50:19.464Z", "title": "Build a Basic PHP Website"}, "model": "courses.course", "pk": 21}]